model,case,Time for 0 nice value,Time for custom nice value,Time saved,Time saved per program,Percentage of programs better,Ratio of custom and 0 nice
dt,total,60772374,61005527,-233153,-2332,39.39393939393939,1.0038364964975697
dt,better,24096451,23473895,622556,15962,39.39393939393939,0.9741639961835044
dt,worse,36675923,38009669,-1333746,-21865,39.39393939393939,1.036365710550761
